Id;Id Adicional;Cod.Barras;Categoría;Producto;Precio;%Imp.;Pvp;Precio Coste;Beneficio;Margen;Stock;Editar;Eliminar
"00001";"";"0";"DESAYUNOS";"DONUT NORMAL";"1,363636";"10";"1,49999961853027";"0";"1,3636360168457";;"-8";
"00002";"";"0";"DESAYUNOS";"DONUT XOCO";"1,454545";"10";"1,59999952316284";"0";"1,45454502105713";;"-2";
"00003";"";"0";"DESAYUNOS";"CROASANT NORMAL";"1,363636";"10";"1,49999961853027";"0";"1,3636360168457";;"-12";
"00004";"";"0";"DESAYUNOS";"CROASANT XOCO";"1,636364";"10";"1,80000038146973";"0";"1,6363639831543";;"-6";
"00005";"";"0";"DESAYUNOS";"PEPITO CREMA";"1,818182";"10";"2,00000019073486";"0";"1,81818199157715";;"-17";
"00006";"";"0";"DESAYUNOS";"CROASANT PEQUEŃO";"0,363636";"10";"0,399999585747719";"0";"0,363635987043381";;"-244";
"00007";"";"0";"DESAYUNOS";"ZUMO";"2,272727";"10";"2,49999971389771";"0";"2,27272701263428";;"-6";
"00008";"";"0";"DESAYUNOS";"CACAOLAT";"2,272727";"10";"2,49999971389771";"0";"2,27272701263428";;"0";
"00009";"";"0";"TAPAS";"PATATAS BRAVAS";"5";"10";"5,5";"0";"5";;"-182";
"00010";"";"0";"TAPAS";"RACION DE FRITAS";"3,636364";"10";"4,00000038146973";"0";"3,6363639831543";;"-2";
"00011";"";"0";"TAPAS";"CALAMARES ROMANA";"6,818182";"10";"7,50000019073486";"0";"6,81818199157715";;"-15";
"00012";"";"0";"TAPAS";"MORRO";"5";"10";"5,5";"0";"5";;"-52";
"00013";"";"0";"TAPAS";"PINCHO DE TORTILLA";"5";"10";"5,5";"0";"5";;"-34";
"00014";"";"0";"TAPAS";"CALLOS";"6,818182";"10";"7,50000019073486";"0";"6,81818199157715";;"-39";
"00015";"";"0";"TAPAS";"CARNE EN SALSA";"6,818182";"10";"7,50000019073486";"0";"6,81818199157715";;"-27";
"00016";"";"0";"TAPAS";"OREJA";"6,818182";"10";"7,50000019073486";"0";"6,81818199157715";;"-29";
"00017";"";"0";"TAPAS";"RABO DE TORO";"7,727273";"10";"8,5000002861023";"0";"7,72727298736572";;"-16";
"00018";"";"0";"TAPAS";"SEVILLANOS";"8,636364";"10";"9,50000038146973";"0";"8,6363639831543";;"-41";
"00019";"";"0";"TAPAS";"POLLO AMERICAN CRYSPY";"6,818182";"10";"7,50000019073486";"0";"6,81818199157715";;"-11";
"00020";"";"0";"TAPAS";"ENSALADILLA RUSA";"5";"10";"5,5";"0";"5";;"-24";
"00021";"";"0";"TAPAS";"COSTILLITAS";"5,909091";"10";"6,50000009536743";"0";"5,90909099578857";;"-23";
"00022";"";"0";"TAPAS";"TORREZNOS";"5";"10";"5,5";"0";"5";;"-47";
"00023";"";"0";"TAPAS";"PINCHO MORUNO";"6,363636";"10";"6,99999961853027";"0";"6,3636360168457";;"-11";
"00024";"";"0";"TAPAS";"CROQUETAS (5UD)";"5,909091";"10";"6,50000009536743";"0";"5,90909099578857";;"-24";
"00025";"";"0";"TAPAS";"ALITAS POLLO";"5,909091";"10";"6,50000009536743";"0";"5,90909099578857";;"-4";
"00026";"";"0";"TAPAS";"ALBONDIGAS";"5,909091";"10";"6,50000009536743";"0";"5,90909099578857";;"-6";
"00027";"";"0";"BOCADILLOS FRIOS";"BUTIFARRA BLANCA MEDIO";"4,272727";"10";"4,69999971389771";"0";"4,27272701263428";;"-17";
"00028";"";"0";"BOCADILLOS FRIOS";"BUTIFARRA BLANCA ENTERO";"7,909091";"10";"8,70000009536743";"0";"7,90909099578857";;"0";
"00029";"";"0";"BOCADILLOS FRIOS";"FUET MEDIO";"4,090909";"10";"4,49999990463257";"0";"4,09090900421143";;"-20";
"00030";"";"0";"BOCADILLOS FRIOS";"FUET ENTERO";"7,727273";"10";"8,5000002861023";"0";"7,72727298736572";;"-4";
"00031";"";"0";"BOCADILLOS FRIOS";"JAMON SERRANO MEDIO";"4,272727";"10";"4,69999971389771";"0";"4,27272701263428";;"-19";
"00032";"";"0";"BOCADILLOS FRIOS";"JAMON SERRANO ENTERO";"7,909091";"10";"8,70000009536743";"0";"7,90909099578857";;"-4";
"00033";"";"0";"BOCADILLOS FRIOS";"JAMON DULCE MEDIO";"4,090909";"10";"4,49999990463257";"0";"4,09090900421143";;"0";
"00034";"";"0";"BOCADILLOS FRIOS";"JAMON DULCE ENTERO";"7,727273";"10";"8,5000002861023";"0";"7,72727298736572";;"0";
"00035";"";"0";"BOCADILLOS FRIOS";"QUESO MANCHEGO MEDIO";"4,272727";"10";"4,69999971389771";"0";"4,27272701263428";;"-26";
"00036";"";"0";"BOCADILLOS FRIOS";"QUESO MANCHEGO ENTERO";"7,909091";"10";"8,70000009536743";"0";"7,90909099578857";;"-1";
"00037";"";"0";"BOCADILLOS FRIOS";"CHORIZO MEDIO";"4,090909";"10";"4,49999990463257";"0";"4,09090900421143";;"-9";
"00038";"";"0";"BOCADILLOS FRIOS";"CHORIZO ENTERO";"7,727273";"10";"8,5000002861023";"0";"7,72727298736572";;"0";
"00039";"";"0";"BOCADILLOS FRIOS";"ATUN MEDIO";"4,090909";"10";"4,49999990463257";"0";"4,09090900421143";;"-28";
"00040";"";"0";"BOCADILLOS FRIOS";"ATUN ENTERO";"7,727273";"10";"8,5000002861023";"0";"7,72727298736572";;"-2";
"00041";"";"0";"BOCADILLOS CALIENTES";"BEICON PEQ.";"2,727273";"10";"3,0000002861023";"0";"2,72727298736572";;"-32";
"00042";"";"0";"BOCADILLOS CALIENTES";"BEICON MEDIO";"5";"10";"5,5";"0";"5";;"-184";
"00043";"";"0";"BOCADILLOS CALIENTES";"BEICON ENTERO";"9,090909";"10";"9,99999990463257";"0";"9,09090900421143";;"-45";
"00044";"";"0";"BOCADILLOS CALIENTES";"BUTIFARRA PAGES PEQ.";"2,727273";"10";"3,0000002861023";"0";"2,72727298736572";;"-3";
"00045";"";"0";"BOCADILLOS CALIENTES";"BUTIFARRA PAGES MEDIO";"5";"10";"5,5";"0";"5";;"-40";
"00046";"";"0";"BOCADILLOS CALIENTES";"BUTIFARRA PAGES ENTERO";"9,090909";"10";"9,99999990463257";"0";"9,09090900421143";;"-13";
"00047";"";"0";"BOCADILLOS CALIENTES";"CHISTORRA PEQ.";"2,727273";"10";"3,0000002861023";"0";"2,72727298736572";;"-5";
"00048";"";"0";"BOCADILLOS CALIENTES";"CHISTORRA MEDIO";"5";"10";"5,5";"0";"5";;"-17";
"00049";"";"0";"BOCADILLOS CALIENTES";"CHISTORRA ENTERO";"9,090909";"10";"9,99999990463257";"0";"9,09090900421143";;"-2";
"00050";"";"0";"BOCADILLOS CALIENTES";"LOMO BEICON PEQ.";"3,181818";"10";"3,49999980926514";"0";"3,18181800842285";;"-2";
"00051";"";"0";"BOCADILLOS CALIENTES";"LOMO BEICON MEDIO";"5,909091";"10";"6,50000009536743";"0";"5,90909099578857";;"-15";
"00052";"";"0";"BOCADILLOS CALIENTES";"LOMO BEICON ENTERO";"10,909091";"10";"12,0000000953674";"0";"10,9090909957886";;"-8";
"00053";"";"0";"BOCADILLOS CALIENTES";"LOMO PEQ.";"2,727273";"10";"3,0000002861023";"0";"2,72727298736572";;"-13";
"00054";"";"0";"BOCADILLOS CALIENTES";"LOMO MEDIO";"5";"10";"5,5";"0";"5";;"-75";
"00055";"";"0";"BOCADILLOS CALIENTES";"LOMO ENTERO";"9,090909";"10";"9,99999990463257";"0";"9,09090900421143";;"-10";
"00056";"";"0";"BOCADILLOS CALIENTES";"PANCETA PEQ.";"2,727273";"10";"3,0000002861023";"0";"2,72727298736572";;"-8";
"00057";"";"0";"BOCADILLOS CALIENTES";"PANCETA MEDIO";"5";"10";"5,5";"0";"5";;"-41";
"00058";"";"0";"BOCADILLOS CALIENTES";"PANCETA ENTERO";"9,090909";"10";"9,99999990463257";"0";"9,09090900421143";;"-12";
"00059";"";"0";"BOCADILLOS CALIENTES";"TORILLA FRANCESA PEQ";"2,727273";"10";"3,0000002861023";"0";"2,72727298736572";;"-27";
"00060";"";"0";"BOCADILLOS CALIENTES";"TORTILLA FRANCESA MEDIO";"5";"10";"5,5";"0";"5";;"-94";
"00061";"";"0";"BOCADILLOS CALIENTES";"TORTILLA FRANCESA ENTERO";"9,090909";"10";"9,99999990463257";"0";"9,09090900421143";;"-12";
"00062";"";"0";"BOCADILLOS CALIENTES";"TORTILLA PATATA PEQ.";"2,909091";"10";"3,20000009536743";"0";"2,90909099578857";;"-5";
"00063";"";"0";"BOCADILLOS CALIENTES";"TORTILLA PATATA MEDIO";"5,181818";"10";"5,69999980926514";"0";"5,18181800842285";;"-21";
"00064";"";"0";"BOCADILLOS CALIENTES";"TORTILLA PATATA ENTERO";"9,545455";"10";"10,5000004768372";"0";"9,54545497894287";;"-6";
"00065";"";"0";"BOCADILLOS CALIENTES";"PINCHO MORUNO PEQ.";"2,727273";"10";"3,0000002861023";"0";"2,72727298736572";;"-5";
"00066";"";"0";"BOCADILLOS CALIENTES";"PINCHO MORUNO MEDIO";"5";"10";"5,5";"0";"5";;"-40";
"00067";"";"0";"BOCADILLOS CALIENTES";"PINCHO MORUNO ENTERO";"9,090909";"10";"9,99999990463257";"0";"9,09090900421143";;"-7";
"00068";"";"0";"BOCADILLOS CALIENTES";"SERRANITO PEQ.";"3,181818";"10";"3,49999980926514";"0";"3,18181800842285";;"-15";
"00069";"";"0";"BOCADILLOS CALIENTES";"SERRANITO MEDIO";"5,909091";"10";"6,50000009536743";"0";"5,90909099578857";;"-91";
"00070";"";"0";"BOCADILLOS CALIENTES";"SERRANITO ENTERO";"10,909091";"10";"12,0000000953674";"0";"10,9090909957886";;"-30";
"00071";"";"0";"BOCADILLOS CALIENTES";"PEPITO PEQ.";"3,181818";"10";"3,49999980926514";"0";"3,18181800842285";;"-7";
"00072";"";"0";"BOCADILLOS CALIENTES";"PEPITO MEDIO";"5,909091";"10";"6,50000009536743";"0";"5,90909099578857";;"-22";
"00073";"";"0";"BOCADILLOS CALIENTES";"PEPITO ENTERO";"10,909091";"10";"12,0000000953674";"0";"10,9090909957886";;"-3";
"00074";"";"0";"BOCADILLOS CALIENTES";"VEGETAL DE POLLO PEQ.";"3,181818";"10";"3,49999980926514";"0";"3,18181800842285";;"-8";
"00075";"";"0";"BOCADILLOS CALIENTES";"VEGETAL DE POLLO MEDIO";"5,909091";"10";"6,50000009536743";"0";"5,90909099578857";;"-50";
"00076";"";"0";"BOCADILLOS CALIENTES";"VEGETAL DE POLLO ENTERO";"10,909091";"10";"12,0000000953674";"0";"10,9090909957886";;"-10";
"00077";"";"0";"BOCADILLOS CALIENTES";"VEGETAL DE ATUN PEQ.";"3,181818";"10";"3,49999980926514";"0";"3,18181800842285";;"-7";
"00078";"";"0";"BOCADILLOS CALIENTES";"VEGETAL DE ATUN MEDIO";"5,909091";"10";"6,50000009536743";"0";"5,90909099578857";;"-21";
"00079";"";"0";"BOCADILLOS CALIENTES";"VEGETAL DE ATUN ENTERO";"10,909091";"10";"12,0000000953674";"0";"10,9090909957886";;"-3";
"00080";"";"0";"BURGUER Y PIZZA";"HAMBURGUESA ""LA MUGA 2.0""";"12,272727";"10";"13,4999997138977";"0";"12,2727270126343";;"-20";
"00081";"";"0";"BURGUER Y PIZZA";"HAMBURGUESA CABRA";"10,454545";"10";"11,4999995231628";"0";"10,4545450210571";;"-9";
"00082";"";"0";"BURGUER Y PIZZA";"HAMBURGUESA BACON BBQ";"9,545455";"10";"10,5000004768372";"0";"9,54545497894287";;"-16";
"00083";"";"0";"BURGUER Y PIZZA";"HAMBURGUESA CLASICA";"9,545455";"10";"10,5000004768372";"0";"9,54545497894287";;"-5";
"00084";"";"0";"CAFÉ";"CAFÉ SOLO";"1,090909";"10";"1,19999990463257";"0";"1,09090900421143";;"-758";
"00085";"";"0";"CAFÉ";"CAFE SOLO HIELO";"1,272727";"10";"1,39999971389771";"0";"1,27272701263428";;"-101";
"00086";"";"0";"CAFÉ";"CORTADO";"1,363636";"10";"1,49999961853027";"0";"1,3636360168457";;"-1313";
"00087";"";"0";"CAFÉ";"CORTADO HIELO";"1,454545";"10";"1,59999952316284";"0";"1,45454502105713";;"-15";
"00088";"";"0";"CAFÉ";"CAFĂ‰ CON LECHE";"1,545455";"10";"1,70000047683716";"0";"1,54545497894287";;"-870";
"00089";"";"0";"CAFÉ";"CAFE CON LECHE HIELO";"1,727273";"10";"1,9000002861023";"0";"1,72727298736572";;"-41";
"00090";"";"0";"CAFÉ";"COLACAO";"1,636364";"10";"1,80000038146973";"0";"1,6363639831543";;"-7";
"00091";"";"0";"CAFÉ";"TRIFASICO";"2";"10";"2,2";"0";"2";;"-7";
"00092";"";"0";"CAFÉ";"AMERICANO";"1,363636";"10";"1,49999961853027";"0";"1,3636360168457";;"-19";
"00093";"";"0";"CAFÉ";"AMERICANO CON HIELO";"1,545455";"10";"1,70000047683716";"0";"1,54545497894287";;"-33";
"00094";"";"0";"CAFÉ";"INFUSIÓN";"1,818182";"10";"2,00000019073486";"0";"1,81818199157715";;"-51";
"00095";"";"0";"CAFÉ";"DESCAFEINADO MAQUINA";"1,181818";"10";"1,29999980926514";"0";"1,18181800842285";;"-4";
"00096";"";"0";"CAFÉ";"DESCAFEINADO SOBRE";"1,636364";"10";"1,80000038146973";"0";"1,6363639831543";;"0";
"00097";"";"0";"CAFÉ";"CARAJILLO";"2";"10";"2,2";"0";"2";;"-206";
"00098";"";"0";"CAFÉ";"BONBON";"1,636364";"10";"1,80000038146973";"0";"1,6363639831543";;"-14";
"00099";"";"0";"CERVEZA";"CAĂ‘A E. GALICIA";"1,363636";"10";"1,49999961853027";"0";"1,3636360168457";;"-148";
"00100";"";"0";"CERVEZA";"COPA E. GALICIA";"2";"10";"2,2";"0";"2";;"-280";
"00101";"";"0";"CERVEZA";"JARRA E.GALICIA";"3,454545";"10";"3,79999952316284";"0";"3,45454502105713";;"-23";
"00102";"";"0";"CERVEZA";"QUINTO";"1,454545";"10";"1,59999952316284";"0";"1,45454502105713";;"-639";
"00103";"";"0";"CERVEZA";"MEDIANA";"2";"10";"2,2";"0";"2";;"-1077";
"00104";"";"0";"CERVEZA";"MEDIANA SIN GLUTEN";"2,272727";"10";"2,49999971389771";"0";"2,27272701263428";;"0";
"00105";"";"0";"CERVEZA";"1906";"2,545455";"10";"2,80000047683716";"0";"2,54545497894287";;"-10";
"00106";"";"0";"CERVEZA";"1906 RED VINTAJE";"2,545455";"10";"2,80000047683716";"0";"2,54545497894287";;"-9";
"00107";"";"0";"CERVEZA";"ALHAMBRA";"2,545455";"10";"2,80000047683716";"0";"2,54545497894287";;"-144";
"00108";"";"0";"CERVEZA";"0,0 TOSTADA";"2,272727";"10";"2,49999971389771";"0";"2,27272701263428";;"-227";
"00109";"";"0";"CERVEZA";"SIN GLUTEN";"2,272727";"10";"2,49999971389771";"0";"2,27272701263428";;"-2";
"00110";"";"0";"CERVEZA";"CAĂ‘A CLARA";"1,363636";"10";"1,49999961853027";"0";"1,3636360168457";;"-51";
"00111";"";"0";"CERVEZA";"COPA CLARA";"2";"10";"2,2";"0";"2";;"-163";
"00112";"";"0";"CERVEZA";"JARRA CLARA";"3,454545";"10";"3,79999952316284";"0";"3,45454502105713";;"-4";
"00113";"";"0";"CERVEZA";"FREE DAM BOTELLA";"2,272727";"10";"2,49999971389771";"0";"2,27272701263428";;"-34";
"00114";"";"0";"CERVEZA";"VOLL DAM BOTELLA";"2,363636";"10";"2,59999961853027";"0";"2,3636360168457";;"-58";
"00115";"";"0";"VINOS Y CAVAS";"LADRON DE VERANO";"2,272727";"10";"2,49999971389771";"0";"2,27272701263428";;"-11";
"00116";"";"0";"CERVEZA";"REPOSADA";"2,545455";"10";"2,80000047683716";"0";"2,54545497894287";;"-10";
"00117";"";"0";"CERVEZA";"XIBECA LATA";"1,590909";"10";"1,74999990463257";"0";"1,59090900421143";;"-5";
"00118";"";"0";"APERITIVOS";"OLIVAS";"2,272727";"10";"2,49999971389771";"0";"2,27272701263428";;"0";
"00119";"";"0";"APERITIVOS";"MEJILLONES";"5,909091";"10";"6,50000009536743";"0";"5,90909099578857";;"0";
"00120";"";"0";"APERITIVOS";"BERBERECHOS";"10,909091";"10";"12,0000000953674";"0";"10,9090909957886";;"-2";
"00121";"";"0";"APERITIVOS";"BOLSA PATATAS TAFANER";"1,818182";"10";"2,00000019073486";"0";"1,81818199157715";;"-4";
"00122";"";"0";"APERITIVOS";"BOQUERON";"4,090909";"10";"4,49999990463257";"0";"4,09090900421143";;"0";
"00123";"";"0";"APERITIVOS";"ALMEJAS";"8,090909";"10";"8,89999990463257";"0";"8,09090900421143";;"0";
"00124";"";"0";"OFERTAS Y MENU";"MENU MEDIODIA";"12,727273";"10";"14,0000002861023";"0";"12,7272729873657";;"-57";
"00125";"";"0";"OFERTAS Y MENU";"CUBO QUINTOS";"6,363636";"10";"6,99999961853027";"0";"6,3636360168457";;"-54";
"00126";"";"0";"OFERTAS Y MENU";"CUBO QUINTOS + BRAVAS";"10,909091";"10";"12,0000000953674";"0";"10,9090909957886";;"-11";
"00127";"";"0";"OFERTAS Y MENU";"CAFĂ‰ + PASTA";"2,727273";"10";"3,0000002861023";"0";"2,72727298736572";;"-296";
"00128";"";"0";"OFERTAS Y MENU";"CAFÉ + PEQ. FRIO";"2,909091";"10";"3,20000009536743";"0";"2,90909099578857";;"-277";
"00129";"";"0";"OFERTAS Y MENU";"CAFÉ + PEQ. CALIENTE";"3,181818";"10";"3,49999980926514";"0";"3,18181800842285";;"-231";
"00130";"";"0";"OFERTAS Y MENU";"ZUMO O CACAOLAT + PASTA";"3,454545";"10";"3,79999952316284";"0";"3,45454502105713";;"-5";
"00131";"";"0";"OFERTAS Y MENU";"COMBO VERMUTH";"9,090909";"10";"9,99999990463257";"0";"9,09090900421143";;"-5";
"00132";"";"0";"PLATOS COMBINADOS";"COMBI HAMBURGUESA";"8,636364";"10";"9,50000038146973";"0";"8,6363639831543";;"-22";
"00133";"";"0";"PLATOS COMBINADOS";"COMBI LOMO";"8,636364";"10";"9,50000038146973";"0";"8,6363639831543";;"-21";
"00134";"";"0";"PLATOS COMBINADOS";"COMBI PINCHOS";"8,636364";"10";"9,50000038146973";"0";"8,6363639831543";;"-23";
"00135";"";"0";"PLATOS COMBINADOS";"COMBI BUTIFARRA";"8,636364";"10";"9,50000038146973";"0";"8,6363639831543";;"-30";
"00136";"";"0";"PLATOS COMBINADOS";"COMBI POLLO REBOZADO";"8,636364";"10";"9,50000038146973";"0";"8,6363639831543";;"-54";
"00137";"";"0";"PLATOS COMBINADOS";"COMBI SEPIA";"11,363636";"10";"12,4999996185303";"0";"11,3636360168457";;"-41";
"00138";"";"0";"PLATOS COMBINADOS";"COMBI CALAMARES";"9,545455";"10";"10,5000004768372";"0";"9,54545497894287";;"-18";
"00139";"";"0";"PLATOS COMBINADOS";"COMBI CHURRASCO";"9,545455";"10";"10,5000004768372";"0";"9,54545497894287";;"-23";
"00140";"";"0";"PLATOS COMBINADOS";"COMBI BISTEC";"9,545455";"10";"10,5000004768372";"0";"9,54545497894287";;"-19";
"00141";"";"0";"PLATOS COMBINADOS";"COMBI ""LA MUGA 2.0"" DE LA MONTAĂ‘A";"12,272727";"10";"13,4999997138977";"0";"12,2727270126343";;"-36";
"00142";"";"0";"PLATOS COMBINADOS";"COMBI ""LA MUGA 2.0"" DEL MAR";"14,090909";"10";"15,4999999046326";"0";"14,0909090042114";;"-25";
"00143";"";"0";"REFRESCOS";"COCACOLA";"2";"10";"2,2";"0";"2";;"-399";
"00144";"";"0";"REFRESCOS";"COCACOLA ZERO";"2";"10";"2,2";"0";"2";;"-127";
"00145";"";"0";"REFRESCOS";"AQUARIUS LIMON";"2";"10";"2,2";"0";"2";;"-72";
"00146";"";"0";"REFRESCOS";"AQUARIUS NARANJA";"2";"10";"2,2";"0";"2";;"-34";
"00147";"";"0";"REFRESCOS";"FANTA LIMON";"2";"10";"2,2";"0";"2";;"-22";
"00148";"";"0";"REFRESCOS";"FANTA NARANJA";"2";"10";"2,2";"0";"2";;"-69";
"00149";"";"0";"REFRESCOS";"7UP";"2";"10";"2,2";"0";"2";;"-2";
"00150";"";"0";"REFRESCOS";"VICHY CATALAN";"1,818182";"10";"2,00000019073486";"0";"1,81818199157715";;"-59";
"00151";"";"0";"REFRESCOS";"BITTER KAS";"2,272727";"10";"2,49999971389771";"0";"2,27272701263428";;"-13";
"00152";"";"0";"REFRESCOS";"AGUA PEQUEĂ‘A";"1,090909";"10";"1,19999990463257";"0";"1,09090900421143";;"-190";
"00153";"";"0";"REFRESCOS";"AGUA GRANDE";"1,363636";"10";"1,49999961853027";"0";"1,3636360168457";;"-186";
"00154";"";"0";"REFRESCOS";"NESTEA";"2";"10";"2,2";"0";"2";;"-72";
"00155";"";"0";"REFRESCOS";"REDBULL";"2,636364";"10";"2,90000038146973";"0";"2,6363639831543";;"-14";
"00156";"";"0";"REFRESCOS";"ZUMO";"2,272727";"10";"2,49999971389771";"0";"2,27272701263428";;"-62";
"00157";"";"0";"REFRESCOS";"CACAOLAT";"2,272727";"10";"2,49999971389771";"0";"2,27272701263428";;"-28";
"00158";"";"0";"REFRESCOS";"REFRESCO LATA OTRO";"2";"10";"2,2";"0";"2";;"-20";
"00159";"";"0";"REFRESCOS";"COKE ZERO BOTELLA";"2,272727";"10";"2,49999971389771";"0";"2,27272701263428";;"-101";
"00160";"";"0";"REFRESCOS";"COKE BOTELLA";"2,272727";"10";"2,49999971389771";"0";"2,27272701263428";;"-77";
"00161";"";"0";"REFRESCOS";"KAS LIMON";"2";"10";"2,2";"0";"2";;"-1";
"00162";"";"0";"REFRESCOS";"KAS NARANJA";"2";"10";"2,2";"0";"2";;"-3";
"00163";"";"0";"REFRESCOS";"SPRITE";"2";"10";"2,2";"0";"2";;"0";
"00164";"";"0";"REFRESCOS";"FUZE TE BOTELLA";"2,272727";"10";"2,49999971389771";"0";"2,27272701263428";;"-19";
"00165";"";"0";"REFRESCOS";"AQUARIUS BOTELLA";"2,272727";"10";"2,49999971389771";"0";"2,27272701263428";;"-18";
"00166";"";"0";"REFRESCOS";"GASEOSA";"1,363636";"10";"1,49999961853027";"0";"1,3636360168457";;"-75";
"00167";"";"0";"EXTRAS";"SUPL. LECHE ESPECIAL";"0,136364";"10";"0,150000397861004";"0";"0,136363998055458";;"-5";
"00168";"";"0";"EXTRAS";"SUPL. BASICO MEDIO";"0,454545";"10";"0,499999490380287";"0";"0,454544991254807";;"-436";
"00169";"";"0";"EXTRAS";"SUPL. BASICO ENTERO";"0,909091";"10";"1,00000009536743";"0";"0,909090995788574";;"-89";
"00170";"";"0";"EXTRAS";"SUPL. ESPECIAL MEDIO";"0,909091";"10";"1,00000009536743";"0";"0,909090995788574";;"-27";
"00171";"";"0";"EXTRAS";"SUPL. ESPECIAL ENTERO";"1,818182";"10";"2,00000019073486";"0";"1,81818199157715";;"-36";
"00172";"";"0";"EXTRAS";"SUPL. REDBULL COMBINADO";"0,909091";"10";"1,00000009536743";"0";"0,909090995788574";;"-5";
"00173";"";"0";"LICORES Y VARIOS";"COMBINADO";"5,454545";"10";"5,99999952316284";"0";"5,45454502105713";;"0";
"00174";"";"0";"LICORES Y VARIOS";"COMBINADO PLUS";"6,363636";"10";"6,99999961853027";"0";"6,3636360168457";;"0";
"00175";"";"0";"CHUPITOS";"Menta";"1,818182";"10";"2,00000019073486";"0";"1,81818199157715";;"-3";
"00176";"";"0";"CHUPITOS";"Sin alcohol";"1,818182";"10";"2,00000019073486";"0";"1,81818199157715";;"0";
"00177";"";"0";"CHUPITOS";"Marie Brizard";"1,818182";"10";"2,00000019073486";"0";"1,81818199157715";;"-2";
"00178";"";"0";"CHUPITOS";"Terry";"2,090909";"10";"2,29999990463257";"0";"2,09090900421143";;"-1";
"00179";"";"0";"CHUPITOS";"103 Chupito";"2,090909";"10";"2,29999990463257";"0";"2,09090900421143";;"0";
"00180";"";"0";"CHUPITOS";"Four Roses";"2,090909";"10";"2,29999990463257";"0";"2,09090900421143";;"0";
"00181";"";"0";"CHUPITOS";"Red Label";"2,090909";"10";"2,29999990463257";"0";"2,09090900421143";;"0";
"00182";"";"0";"CHUPITOS";"Cutty Sark";"2,090909";"10";"2,29999990463257";"0";"2,09090900421143";;"-25";
"00183";"";"0";"CHUPITOS";"Orujo Blanco";"2,090909";"10";"2,29999990463257";"0";"2,09090900421143";;"-31";
"00184";"";"0";"CHUPITOS";"Magno";"2,090909";"10";"2,29999990463257";"0";"2,09090900421143";;"-2";
"00185";"";"0";"CHUPITOS";"Veterano";"2,090909";"10";"2,29999990463257";"0";"2,09090900421143";;"-1";
"00186";"";"0";"CHUPITOS";"Ballantines";"2,090909";"10";"2,29999990463257";"0";"2,09090900421143";;"-40";
"00187";"";"0";"CHUPITOS";"Tequila JosĂ­Â© Cuervo";"2,090909";"10";"2,29999990463257";"0";"2,09090900421143";;"-4";
"00188";"";"0";"CHUPITOS";"100 Pipers";"2,090909";"10";"2,29999990463257";"0";"2,09090900421143";;"-3";
"00189";"";"0";"CHUPITOS";"Dyc 8 AĂ±os";"2,090909";"10";"2,29999990463257";"0";"2,09090900421143";;"-8";
"00190";"";"0";"CHUPITOS";"Crema";"2,090909";"10";"2,29999990463257";"0";"2,09090900421143";;"-4";
"00191";"";"0";"CHUPITOS";"Brugal";"2,090909";"10";"2,29999990463257";"0";"2,09090900421143";;"-1";
"00192";"";"0";"CHUPITOS";"Limoncello";"2,090909";"10";"2,29999990463257";"0";"2,09090900421143";;"-3";
"00193";"";"0";"CHUPITOS";"Torres 5";"2,090909";"10";"2,29999990463257";"0";"2,09090900421143";;"0";
"00194";"";"0";"CHUPITOS";"Fundador";"2,090909";"10";"2,29999990463257";"0";"2,09090900421143";;"-1";
"00195";"";"0";"CHUPITOS";"Soberano";"2,090909";"10";"2,29999990463257";"0";"2,09090900421143";;"-1";
"00196";"";"0";"CHUPITOS";"PacharĂ­n";"2,090909";"10";"2,29999990463257";"0";"2,09090900421143";;"-1";
"00197";"";"0";"CHUPITOS";"MascarĂł";"2,090909";"10";"2,29999990463257";"0";"2,09090900421143";;"0";
"00198";"";"0";"CHUPITOS";"AnĂ­s Dulce";"2,090909";"10";"2,29999990463257";"0";"2,09090900421143";;"-2";
"00199";"";"0";"CHUPITOS";"Frangelico";"2,090909";"10";"2,29999990463257";"0";"2,09090900421143";;"0";
"00200";"";"0";"CHUPITOS";"Ron Pujol";"2,090909";"10";"2,29999990463257";"0";"2,09090900421143";;"0";
"00201";"";"0";"CHUPITOS";"Orujo Hierbas";"2,090909";"10";"2,29999990463257";"0";"2,09090900421143";;"-38";
"00202";"";"0";"CHUPITOS";"Carlos III";"2,090909";"10";"2,29999990463257";"0";"2,09090900421143";;"0";
"00203";"";"0";"CHUPITOS";"White Label";"2,090909";"10";"2,29999990463257";"0";"2,09090900421143";;"0";
"00204";"";"0";"CHUPITOS";"Beefeater";"2,090909";"10";"2,29999990463257";"0";"2,09090900421143";;"0";
"00205";"";"0";"CHUPITOS";"JB";"2,090909";"10";"2,29999990463257";"0";"2,09090900421143";;"-14";
"00206";"";"0";"CHUPITOS";"Licor 43";"2,181818";"10";"2,39999980926514";"0";"2,18181800842285";;"0";
"00207";"";"0";"CHUPITOS";"Torres 10";"2,181818";"10";"2,39999980926514";"0";"2,18181800842285";;"-2";
"00208";"";"0";"CHUPITOS";"Ponche Cabellero";"2,272727";"10";"2,49999971389771";"0";"2,27272701263428";;"0";
"00209";"";"0";"CHUPITOS";"Baileys";"2,272727";"10";"2,49999971389771";"0";"2,27272701263428";;"-6";
"00210";"";"0";"CHUPITOS";"Bombay";"2,272727";"10";"2,49999971389771";"0";"2,27272701263428";;"0";
"00211";"";"0";"CHUPITOS";"Jack Daniel'S";"2,454545";"10";"2,69999952316284";"0";"2,45454502105713";;"-4";
"00212";"";"0";"CHUPITOS";"Coutreau";"2,454545";"10";"2,69999952316284";"0";"2,45454502105713";;"0";
"00213";"";"0";"CHUPITOS";"CardhĂş";"3,454545";"10";"3,79999952316284";"0";"3,45454502105713";;"0";
"00214";"";"0";"CHUPITOS";"Chivas";"3,454545";"10";"3,79999952316284";"0";"3,45454502105713";;"0";
"00215";"";"0";"COPAS HIELO LICOR";"Sin Alcohol";"2,272727";"10";"2,49999971389771";"0";"2,27272701263428";;"0";
"00216";"";"0";"COPAS HIELO LICOR";"Eristof";"2,727273";"10";"3,0000002861023";"0";"2,72727298736572";;"0";
"00217";"";"0";"COPAS HIELO LICOR";"Marie Brizard";"2,727273";"10";"3,0000002861023";"0";"2,72727298736572";;"0";
"00218";"";"0";"COPAS HIELO LICOR";"Menta";"2,727273";"10";"3,0000002861023";"0";"2,72727298736572";;"0";
"00219";"";"0";"COPAS HIELO LICOR";"103";"3";"10";"3,3";"0";"3";;"0";
"00220";"";"0";"COPAS HIELO LICOR";"Fundador";"3";"10";"3,3";"0";"3";;"0";
"00221";"";"0";"COPAS HIELO LICOR";"Torres 5";"3";"10";"3,3";"0";"3";;"0";
"00222";"";"0";"COPAS HIELO LICOR";"Cutty Sark";"3";"10";"3,3";"0";"3";;"0";
"00223";"";"0";"COPAS HIELO LICOR";"PacharĂ­n";"3";"10";"3,3";"0";"3";;"-5";
"00224";"";"0";"COPAS HIELO LICOR";"MascarĂł";"3";"10";"3,3";"0";"3";;"0";
"00225";"";"0";"COPAS HIELO LICOR";"Ballantines";"3";"10";"3,3";"0";"3";;"-1";
"00226";"";"0";"COPAS HIELO LICOR";"Frangelico";"3";"10";"3,3";"0";"3";;"0";
"00227";"";"0";"COPAS HIELO LICOR";"100 Pipers";"3";"10";"3,3";"0";"3";;"0";
"00228";"";"0";"COPAS HIELO LICOR";"Four Roses";"3";"10";"3,3";"0";"3";;"0";
"00229";"";"0";"COPAS HIELO LICOR";"Ron Pujol";"3";"10";"3,3";"0";"3";;"0";
"00230";"";"0";"COPAS HIELO LICOR";"Orujo Hierbas";"3";"10";"3,3";"0";"3";;"-21";
"00231";"";"0";"COPAS HIELO LICOR";"Brugal";"3";"10";"3,3";"0";"3";;"0";
"00232";"";"0";"COPAS HIELO LICOR";"JB";"3";"10";"3,3";"0";"3";;"-1";
"00233";"";"0";"COPAS HIELO LICOR";"Dyc 8 AĂ±os";"3";"10";"3,3";"0";"3";;"0";
"00234";"";"0";"COPAS HIELO LICOR";"Terry";"3";"10";"3,3";"0";"3";;"0";
"00235";"";"0";"COPAS HIELO LICOR";"Red Label";"3";"10";"3,3";"0";"3";;"0";
"00236";"";"0";"COPAS HIELO LICOR";"Orujo Blanco";"3";"10";"3,3";"0";"3";;"-1";
"00237";"";"0";"COPAS HIELO LICOR";"Magno";"3";"10";"3,3";"0";"3";;"0";
"00238";"";"0";"COPAS HIELO LICOR";"Crema Orujo";"3";"10";"3,3";"0";"3";;"0";
"00239";"";"0";"COPAS HIELO LICOR";"AnĂ­s Dulce";"3";"10";"3,3";"0";"3";;"-6";
"00240";"";"0";"COPAS HIELO LICOR";"Veterano";"3";"10";"3,3";"0";"3";;"0";
"00241";"";"0";"COPAS HIELO LICOR";"Soberano";"3";"10";"3,3";"0";"3";;"0";
"00242";"";"0";"COPAS HIELO LICOR";"Carlos III";"3";"10";"3,3";"0";"3";;"0";
"00243";"";"0";"COPAS HIELO LICOR";"Beefeater";"3";"10";"3,3";"0";"3";;"0";
"00244";"";"0";"COPAS HIELO LICOR";"Limoncello";"3";"10";"3,3";"0";"3";;"0";
"00245";"";"0";"COPAS HIELO LICOR";"White Label";"3";"10";"3,3";"0";"3";;"0";
"00246";"";"0";"COPAS HIELO LICOR";"Torres 10";"3,090909";"10";"3,39999990463257";"0";"3,09090900421143";;"0";
"00247";"";"0";"COPAS HIELO LICOR";"Licor 43";"3,181818";"10";"3,49999980926514";"0";"3,18181800842285";;"0";
"00248";"";"0";"COPAS HIELO LICOR";"Baileys";"3,181818";"10";"3,49999980926514";"0";"3,18181800842285";;"-3";
"00249";"";"0";"COPAS HIELO LICOR";"Bombay";"3,181818";"10";"3,49999980926514";"0";"3,18181800842285";;"0";
"00250";"";"0";"COPAS HIELO LICOR";"Ponche Caballero";"3,181818";"10";"3,49999980926514";"0";"3,18181800842285";;"0";
"00251";"";"0";"COPAS HIELO LICOR";"Jameson";"3,203883";"3";"3,29999942064285";"0";"3,20388293266296";;"0";
"00252";"";"0";"COPAS HIELO LICOR";"Cointreau";"4,090909";"10";"4,49999990463257";"0";"4,09090900421143";;"-3";
"00253";"";"0";"COPAS HIELO LICOR";"Jack Daniel'S";"4,545455";"10";"5,00000047683716";"0";"4,54545497894287";;"-1";
"00254";"";"0";"COPAS HIELO LICOR";"CardhĂş";"5,636364";"10";"6,20000038146973";"0";"5,6363639831543";;"0";
"00255";"";"0";"COPAS HIELO LICOR";"Chivas";"5,636364";"10";"6,20000038146973";"0";"5,6363639831543";;"0";
"00256";"";"0";"COPAS LICOR";"Barrecha";"1,363636";"10";"1,49999961853027";"0";"1,3636360168457";;"-44";
"00257";"";"0";"COPAS LICOR";"Eristoff";"1,818182";"10";"2,00000019073486";"0";"1,81818199157715";;"0";
"00258";"";"0";"COPAS LICOR";"Menta";"2,272727";"10";"2,49999971389771";"0";"2,27272701263428";;"0";
"00259";"";"0";"COPAS LICOR";"BarcelĂł";"2,272727";"10";"2,49999971389771";"0";"2,27272701263428";;"0";
"00260";"";"0";"COPAS LICOR";"Marie Brizard";"2,272727";"10";"2,49999971389771";"0";"2,27272701263428";;"-3";
"00261";"";"0";"COPAS LICOR";"Sol Y Sombra";"2,272727";"10";"2,49999971389771";"0";"2,27272701263428";;"-5";
"00262";"";"0";"COPAS LICOR";"Red Label";"2,545455";"10";"2,80000047683716";"0";"2,54545497894287";;"0";
"00263";"";"0";"COPAS LICOR";"Carlos III";"2,545455";"10";"2,80000047683716";"0";"2,54545497894287";;"0";
"00264";"";"0";"COPAS LICOR";"Beefeater";"2,545455";"10";"2,80000047683716";"0";"2,54545497894287";;"0";
"00265";"";"0";"COPAS LICOR";"Orujo hierbas";"2,545455";"10";"2,80000047683716";"0";"2,54545497894287";;"-5";
"00266";"";"0";"COPAS LICOR";"AnĂ­s Dulce";"2,545455";"10";"2,80000047683716";"0";"2,54545497894287";;"-25";
"00267";"";"0";"COPAS LICOR";"Limoncello";"2,545455";"10";"2,80000047683716";"0";"2,54545497894287";;"-1";
"00268";"";"0";"COPAS LICOR";"Torres 5";"2,545455";"10";"2,80000047683716";"0";"2,54545497894287";;"0";
"00269";"";"0";"COPAS LICOR";"Fundador";"2,545455";"10";"2,80000047683716";"0";"2,54545497894287";;"0";
"00270";"";"0";"COPAS LICOR";"Soberano";"2,545455";"10";"2,80000047683716";"0";"2,54545497894287";;"0";
"00271";"";"0";"COPAS LICOR";"Cutty Sark";"2,545455";"10";"2,80000047683716";"0";"2,54545497894287";;"-2";
"00272";"";"0";"COPAS LICOR";"MascarĂł";"2,545455";"10";"2,80000047683716";"0";"2,54545497894287";;"0";
"00273";"";"0";"COPAS LICOR";"Frangelico";"2,545455";"10";"2,80000047683716";"0";"2,54545497894287";;"-1";
"00274";"";"0";"COPAS LICOR";"103";"2,545455";"10";"2,80000047683716";"0";"2,54545497894287";;"0";
"00275";"";"0";"COPAS LICOR";"Four Roses";"2,545455";"10";"2,80000047683716";"0";"2,54545497894287";;"0";
"00276";"";"0";"COPAS LICOR";"PacharĂ­n";"2,545455";"10";"2,80000047683716";"0";"2,54545497894287";;"0";
"00277";"";"0";"COPAS LICOR";"Brugal";"2,545455";"10";"2,80000047683716";"0";"2,54545497894287";;"-1";
"00278";"";"0";"COPAS LICOR";"Ballantines";"2,545455";"10";"2,80000047683716";"0";"2,54545497894287";;"-10";
"00279";"";"0";"COPAS LICOR";"White Label";"2,545455";"10";"2,80000047683716";"0";"2,54545497894287";;"0";
"00280";"";"0";"COPAS LICOR";"100 Pipers";"2,545455";"10";"2,80000047683716";"0";"2,54545497894287";;"0";
"00281";"";"0";"COPAS LICOR";"JB";"2,545455";"10";"2,80000047683716";"0";"2,54545497894287";;"-5";
"00282";"";"0";"COPAS LICOR";"Terry";"2,545455";"10";"2,80000047683716";"0";"2,54545497894287";;"-1";
"00283";"";"0";"COPAS LICOR";"Dyc 8 AĂ±os";"2,545455";"10";"2,80000047683716";"0";"2,54545497894287";;"0";
"00284";"";"0";"COPAS LICOR";"Ron Pujol";"2,545455";"10";"2,80000047683716";"0";"2,54545497894287";;"0";
"00285";"";"0";"COPAS LICOR";"Orujo";"2,545455";"10";"2,80000047683716";"0";"2,54545497894287";;"-5";
"00286";"";"0";"COPAS LICOR";"Crema de orujo";"2,545455";"10";"2,80000047683716";"0";"2,54545497894287";;"-2";
"00287";"";"0";"COPAS LICOR";"Magno";"2,545455";"10";"2,80000047683716";"0";"2,54545497894287";;"-7";
"00288";"";"0";"COPAS LICOR";"Veterano";"2,545455";"10";"2,80000047683716";"0";"2,54545497894287";;"-1";
"00289";"";"0";"COPAS LICOR";"Torres 10";"2,636364";"10";"2,90000038146973";"0";"2,6363639831543";;"0";
"00290";"";"0";"COPAS LICOR";"Chispazo";"2,727273";"10";"3,0000002861023";"0";"2,72727298736572";;"0";
"00291";"";"0";"COPAS LICOR";"Ponche Caballero";"2,727273";"10";"3,0000002861023";"0";"2,72727298736572";;"0";
"00292";"";"0";"COPAS LICOR";"Licor 43";"2,727273";"10";"3,0000002861023";"0";"2,72727298736572";;"0";
"00293";"";"0";"COPAS LICOR";"Bombay";"2,727273";"10";"3,0000002861023";"0";"2,72727298736572";;"0";
"00294";"";"0";"COPAS LICOR";"Baileys";"2,727273";"10";"3,0000002861023";"0";"2,72727298736572";;"-4";
"00295";"";"0";"COPAS LICOR";"Cointreau";"3,454545";"10";"3,79999952316284";"0";"3,45454502105713";;"0";
"00296";"";"0";"COPAS LICOR";"Jack Daniel's";"3,454545";"10";"3,79999952316284";"0";"3,45454502105713";;"-11";
"00297";"";"0";"COPAS LICOR";"CardhĂş";"4,727273";"10";"5,20000028610229";"0";"4,72727298736572";;"0";
"00298";"";"0";"COPAS LICOR";"Chivas";"4,727273";"10";"5,20000028610229";"0";"4,72727298736572";;"0";
"00299";"";"0";"CUBATAS";"JB";"5,454545";"10";"5,99999952316284";"0";"5,45454502105713";;"0";
"00300";"";"0";"CUBATAS";"Jameson";"5,454545";"10";"5,99999952316284";"0";"5,45454502105713";;"0";
"00301";"";"0";"CUBATAS";"Cutty Sark";"5,454545";"10";"5,99999952316284";"0";"5,45454502105713";;"0";
"00302";"";"0";"CUBATAS";"Brugal";"5,454545";"10";"5,99999952316284";"0";"5,45454502105713";;"-6";
"00303";"";"0";"CUBATAS";"Ponche Caballero";"5,454545";"10";"5,99999952316284";"0";"5,45454502105713";;"0";
"00304";"";"0";"CUBATAS";"Four Roses";"5,454545";"10";"5,99999952316284";"0";"5,45454502105713";;"0";
"00305";"";"0";"CUBATAS";"White Label";"5,454545";"10";"5,99999952316284";"0";"5,45454502105713";;"0";
"00306";"";"0";"CUBATAS";"Cointreau";"5,454545";"10";"5,99999952316284";"0";"5,45454502105713";;"0";
"00307";"";"0";"CUBATAS";"Menta";"5,454545";"10";"5,99999952316284";"0";"5,45454502105713";;"0";
"00308";"";"0";"CUBATAS";"Tequila JosĂ­Â© Cuervo";"5,454545";"10";"5,99999952316284";"0";"5,45454502105713";;"0";
"00309";"";"0";"CUBATAS";"Beeafeater";"5,454545";"10";"5,99999952316284";"0";"5,45454502105713";;"-3";
"00310";"";"0";"CUBATAS";"Magno";"5,454545";"10";"5,99999952316284";"0";"5,45454502105713";;"0";
"00311";"";"0";"CUBATAS";"BarcelĂł";"5,454545";"10";"5,99999952316284";"0";"5,45454502105713";;"0";
"00312";"";"0";"CUBATAS";"Eristoff";"5,454545";"10";"5,99999952316284";"0";"5,45454502105713";;"-1";
"00313";"";"0";"CUBATAS";"Carlos III";"5,454545";"10";"5,99999952316284";"0";"5,45454502105713";;"0";
"00314";"";"0";"CUBATAS";"MascarĂł";"5,454545";"10";"5,99999952316284";"0";"5,45454502105713";;"0";
"00315";"";"0";"CUBATAS";"Ballantines";"5,454545";"10";"5,99999952316284";"0";"5,45454502105713";;"-9";
"00316";"";"0";"CUBATAS";"Ron Pujol";"5,454545";"10";"5,99999952316284";"0";"5,45454502105713";;"-6";
"00317";"";"0";"CUBATAS";"Licor 43";"5,454545";"10";"5,99999952316284";"0";"5,45454502105713";;"0";
"00318";"";"0";"CUBATAS";"Dyc 8 AĂ±os";"5,454545";"10";"5,99999952316284";"0";"5,45454502105713";;"0";
"00319";"";"0";"CUBATAS";"Malibu";"5,454545";"10";"5,99999952316284";"0";"5,45454502105713";;"0";
"00320";"";"0";"CUBATAS";"100 Pipers";"5,454545";"10";"5,99999952316284";"0";"5,45454502105713";;"0";
"00321";"";"0";"CUBATAS";"Red Label";"5,454545";"10";"5,99999952316284";"0";"5,45454502105713";;"0";
"00322";"";"0";"CUBATAS";"Puerto De Indias";"5,909091";"10";"6,50000009536743";"0";"5,90909099578857";;"-1";
"00323";"";"0";"CUBATAS";"Bombay";"5,909091";"10";"6,50000009536743";"0";"5,90909099578857";;"0";
"00324";"";"0";"CUBATAS";"Tanqueray";"5,909091";"10";"6,50000009536743";"0";"5,90909099578857";;"0";
"00325";"";"0";"CUBATAS";"Seagram`s";"5,909091";"10";"6,50000009536743";"0";"5,90909099578857";;"-3";
"00326";"";"0";"CUBATAS";"Jack Daniel's";"6,363636";"10";"6,99999961853027";"0";"6,3636360168457";;"0";
"00327";"";"0";"CUBATAS";"Chivas";"8,636364";"10";"9,50000038146973";"0";"8,6363639831543";;"0";
"00328";"";"0";"CUBATAS";"CardhĂş";"8,636364";"10";"9,50000038146973";"0";"8,6363639831543";;"0";
"00329";"";"0";"VINOS Y CAVAS";"Cava Can Quetu brut nature";"8,636364";"10";"9,50000038146973";"0";"8,6363639831543";;"-4";
"00330";"";"0";"VINOS Y CAVAS";"Cava copa Can Quetu";"2,727273";"10";"3,0000002861023";"0";"2,72727298736572";;"-71";
"00331";"";"0";"VINOS Y CAVAS";"Cava  Can Quetu brut nature reserva";"10,454545";"10";"11,4999995231628";"0";"10,4545450210571";;"-2";
"00332";"";"0";"VINOS Y CAVAS";"Cava Can Quetu rosado";"8,181818";"10";"8,99999980926514";"0";"8,18181800842285";;"-2";
"00333";"";"0";"VINOS Y CAVAS";"Cava Can Quetu semi rosado";"7,727273";"10";"8,5000002861023";"0";"7,72727298736572";;"0";
"00334";"";"0";"VINOS Y CAVAS";"Vino Candium Rueda verdejo";"10,454545";"10";"11,4999995231628";"0";"10,4545450210571";;"-5";
"00335";"";"0";"VINOS Y CAVAS";"Vino Roig i Virgili blanc PenedĂ­Â¨s";"6,363636";"10";"6,99999961853027";"0";"6,3636360168457";;"-5";
"00336";"";"0";"VINOS Y CAVAS";"Vino Roig i Virgili Cabernet Souvignon";"6,818182";"10";"7,50000019073486";"0";"6,81818199157715";;"-3";
"00337";"";"0";"VINOS Y CAVAS";"Vino Roig i Virgili Souvignon limitada";"10,454545";"10";"11,4999995231628";"0";"10,4545450210571";;"-2";
"00338";"";"0";"VINOS Y CAVAS";"Vino Heredad de PeĂ±alosa tinto roble Ribera del Duero";"10,454545";"10";"11,4999995231628";"0";"10,4545450210571";;"-2";
"00339";"";"0";"VINOS Y CAVAS";"Vino Cantos de Valpiedra Rioja";"10,909091";"10";"12,0000000953674";"0";"10,9090909957886";;"-3";
"00340";"";"0";"HELADOS";"Caramelo 125 ml.";"2";"10";"2,2";"0";"2";;"-2";
"00341";"";"0";"HELADOS";"Nata 125 ml.";"2";"10";"2,2";"0";"2";;"-7";
"00342";"";"0";"HELADOS";"Nata Fresa 125 ml.";"2";"10";"2,2";"0";"2";;"0";
"00343";"";"0";"HELADOS";"Vainilla chocolate 125 ml.";"2";"10";"2,2";"0";"2";;"-11";
"00344";"";"0";"HELADOS";"Yogur LimĂłn 125 ml.";"2";"10";"2,2";"0";"2";;"0";
"00345";"";"0";"HELADOS";"Vainilla Choco S/AzĂşcar 125 ml.";"2";"10";"2,2";"0";"2";;"-2";
"00346";"";"0";"HELADOS";"Caramelo Salado 125 ml.";"2,318182";"10";"2,55000019073486";"0";"2,31818199157715";;"0";
"00347";"";"0";"HELADOS";"TurrĂłn 125 ml.";"2,318182";"10";"2,55000019073486";"0";"2,31818199157715";;"-18";
"00348";"";"0";"HELADOS";"Casty Boom 125 ml.";"2,5";"10";"2,75";"0";"2,5";;"-2";
"00349";"";"0";"HELADOS";"Clasico 120 ml.";"2,590909";"10";"2,84999990463257";"0";"2,59090900421143";;"0";
"00350";"";"0";"HELADOS";"Almendrado 120 ml.";"2,590909";"10";"2,84999990463257";"0";"2,59090900421143";;"-9";
"00351";"";"0";"HELADOS";"Blanco 120 ml.";"2,590909";"10";"2,84999990463257";"0";"2,59090900421143";;"-1";
"00352";"";"0";"HELADOS";"74%Cacao Trapa 120 ml.";"2,590909";"10";"2,84999990463257";"0";"2,59090900421143";;"0";
"00353";"";"0";"HELADOS";"Choco Wall 90 ml.";"1,681818";"10";"1,84999980926514";"0";"1,68181800842285";;"-4";
"00354";"";"0";"HELADOS";"BombĂłn Crocanti 90 ml.";"1,5";"10";"1,65";"0";"1,5";;"0";
"00355";"";"0";"HELADOS";"BombĂłn Nata 87 ml.";"1,5";"10";"1,65";"0";"1,5";;"0";
"00356";"";"0";"HELADOS";"Lecherin Nata 70 ml.";"1,090909";"10";"1,19999990463257";"0";"1,09090900421143";;"0";
"00357";"";"0";"HELADOS";"Sandwich Nata 115 ml.";"1,409091";"10";"1,55000009536743";"0";"1,40909099578857";;"0";
"00358";"";"0";"HELADOS";"Supermack Stracciatella 150 ml.";"2,590909";"10";"2,84999990463257";"0";"2,59090900421143";;"-3";
"00359";"";"0";"HELADOS";"Supermack Cookie 150 ml.";"2,909091";"10";"3,20000009536743";"0";"2,90909099578857";;"-3";
"00360";"";"0";"HELADOS";"Sandwich Circus 90 ml.";"1,681818";"10";"1,84999980926514";"0";"1,68181800842285";;"0";
"00361";"";"0";"HELADOS";"Fly Up Lima LimĂłn 115 ml.";"1,5";"10";"1,65";"0";"1,5";;"0";
"00362";"";"0";"HELADOS";"Fly Up Fresa 115 ml.";"1,5";"10";"1,65";"0";"1,5";;"-5";
"00363";"";"0";"HELADOS";"Fly Up Cola 115 ml.";"1,5";"10";"1,65";"0";"1,5";;"0";
"00364";"";"0";"HELADOS";"Casty Naranja 70 ml.";"1";"10";"1,1";"0";"1";;"0";
"00365";"";"0";"HELADOS";"Casty LimĂłn 70 ml.";"1";"10";"1,1";"0";"1";;"0";
"00366";"";"0";"HELADOS";"Vampiro 60 ml.";"1,5";"10";"1,65";"0";"1,5";;"0";
"00367";"";"0";"HELADOS";"Peppa Pig 75 ml.";"1,909091";"10";"2,10000009536743";"0";"1,90909099578857";;"0";
"00368";"";"0";"HELADOS";"PJ Mask 90 ml.";"1,318182";"10";"1,45000019073486";"0";"1,31818199157715";;"0";
"00369";"";"0";"BOCADILLOS FRIOS";"BUTIFARRA BLANCA PEQ.";"2,545455";"10";"2,80000047683716";"0";"2,54545497894287";;"-5";
"00370";"";"0";"BOCADILLOS FRIOS";"FUET PEQ.";"2,272727";"10";"2,49999971389771";"0";"2,27272701263428";;"-22";
"00371";"";"0";"BOCADILLOS FRIOS";"JAMON SERRANO PEQ.";"2,545455";"10";"2,80000047683716";"0";"2,54545497894287";;"-11";
"00372";"";"0";"BOCADILLOS FRIOS";"JAMON DULCE PEQ.";"2,545455";"10";"2,80000047683716";"0";"2,54545497894287";;"-4";
"00373";"";"0";"BOCADILLOS FRIOS";"QUESO MANCHEGO PEQ.";"2,727273";"10";"3,0000002861023";"0";"2,72727298736572";;"-9";
"00374";"";"0";"BOCADILLOS FRIOS";"CHORIZO PEQ.";"2,272727";"10";"2,49999971389771";"0";"2,27272701263428";;"-4";
"00375";"";"0";"BOCADILLOS FRIOS";"ATUN PEQ.";"2,545455";"10";"2,80000047683716";"0";"2,54545497894287";;"-11";
"00376";;"0";"VINOS Y CAVAS";"JARRA VINO CASA MEDIANA";"3,181818";"10";"3,49999980926514";"0";"3,18181800842285";;"-85";
"00377";;"0";"DESAYUNOS";"MADALENA";"1,090909";"10";"1,19999990463257";"0";"1,09090900421143";;"-24";
"00378";;"0";"APERITIVOS";"BOLSA PATATAS TORRES";"1,363636";"10";"1,49999961853027";"0";"1,3636360168457";;"-36";
"00379";;"0";"BOCADILLOS CALIENTES";"BIKINI";"2,727273";"10";"3,0000002861023";"0";"2,72727298736572";;"-16";
"00380";;"0";"TAPAS";"BOQUERONES";"6,363636";"10";"6,99999961853027";"0";"6,3636360168457";;"-4";
"00381";;"0";"PLATOS COMBINADOS";"ENSALADA VERDE";"4,545455";"10";"5,00000047683716";"0";"4,54545497894287";;"-2";
"00382";;"0";"PLATOS COMBINADOS";"ENSALADA CATALANA";"5,909091";"10";"6,50000009536743";"0";"5,90909099578857";;"-3";
"00383";;"0";"REFRESCOS";"TÓNICA";"2";"10";"2,2";"0";"2";;"-17";
"00384";;"0";"APERITIVOS";"VERMUT";"3,181818";"10";"3,49999980926514";"0";"3,18181800842285";;"-53";
"00385";;"0";"VINOS Y CAVAS";"COPA VINO CASA";"2";"10";"2,2";"0";"2";;"-78";
"00386";;"0";"VINOS Y CAVAS";"JARRA VINO CASA PEQUEŃA";"2,272727";"10";"2,49999971389771";"0";"2,27272701263428";;"-56";
"00387";;"0";"VINOS Y CAVAS";"JARRA VINO CASA GRANDE";"4,090909";"10";"4,49999990463257";"0";"4,09090900421143";;"-7";
"00388";;"0";"VINOS Y CAVAS";"JARRA VINO CASA GRANDE+";"4,545455";"10";"5,00000047683716";"0";"4,54545497894287";;"-1";
"00389";;"0";"DESAYUNOS";"VASO DE LECHE";"1,090909";"10";"1,19999990463257";"0";"1,09090900421143";;"0";
"00390";;"0";"DESAYUNOS";"ESMORÇAR FORQUILLA";"10";"10";"11";"0";"10";;"-7";
"00391";;"0";"BOCADILLOS CALIENTES";"SALCHICHA PEQ.";"2,727273";"10";"3,0000002861023";"0";"2,72727298736572";;"-3";
"00392";;"0";"BOCADILLOS CALIENTES";"SALCHICHA MEDIO";"5";"10";"5,5";"0";"5";;"-38";
"00393";;"0";"BOCADILLOS CALIENTES";"SALCHICHA GRANDE";"9,090909";"10";"9,99999990463257";"0";"9,09090900421143";;"-13";
"00394";;"0";"VINOS Y CAVAS";"COPA VINO";"2,727273";"10";"3,0000002861023";"0";"2,72727298736572";;"-9";
"00395";;"0";"BOCADILLOS FRIOS";"ANCHOAS PEQ.";"3,181818";"10";"3,49999980926514";"0";"3,18181800842285";;"0";
"00396";;"0";"BOCADILLOS FRIOS";"ANCHOAS MEDIO";"5,909091";"10";"6,50000009536743";"0";"5,90909099578857";;"-1";
"00397";;"0";"BOCADILLOS FRIOS";"ANCHOAS ENTERO";"10,909091";"10";"12,0000000953674";"0";"10,9090909957886";;"0";
"00398";;"0";"OFERTAS Y MENU";"MENU INFANTIL";"6,363636";"10";"6,99999961853027";"0";"6,3636360168457";;"0";
